{"cameraMode":{"drawMode":0,"name":"Shaded","section":"Shading Mode"},"sceneLighting":false,"audioPlay":false,"sceneViewState":{"showFog":true,"showMaterialUpdate":false,"showSkybox":false,"showFlares":true,"showImageEffects":true,"showParticleSystems":true},"in2DMode":false,"pivot":{"x":0.0005666017532348633,"y":-6.219999313354492,"z":0.0},"rotation":{"x":-0.19310109317302705,"y":0.6283265352249146,"z":-0.16500398516654969,"w":-0.7353205680847168},"size":10.033007621765137,"orthographic":false}