{"cameraMode":{"drawMode":0,"name":"Shaded","section":"Shading Mode"},"sceneLighting":false,"audioPlay":false,"sceneViewState":{"showFog":true,"showMaterialUpdate":false,"showSkybox":false,"showFlares":true,"showImageEffects":true,"showParticleSystems":true},"in2DMode":false,"pivot":{"x":-0.4781739115715027,"y":1.3517777919769288,"z":-0.8284194469451904},"rotation":{"x":0.000676554802339524,"y":0.9991828203201294,"z":-0.01949586533010006,"w":0.0357014536857605},"size":1.3554372787475587,"orthographic":false}