{"cameraMode":{"drawMode":0,"name":"Shaded","section":"Shading Mode"},"sceneLighting":false,"audioPlay":false,"sceneViewState":{"showFog":true,"showMaterialUpdate":false,"showSkybox":false,"showFlares":true,"showImageEffects":true,"showParticleSystems":true},"in2DMode":false,"pivot":{"x":-1.2100000381469727,"y":0.0,"z":67.69999694824219},"rotation":{"x":-0.18894991278648377,"y":0.21113508939743043,"z":-0.04163369908928871,"w":-0.9581190943717957},"size":5.2845845222473148,"orthographic":false}