{"cameraMode":{"drawMode":0,"name":"Shaded","section":"Shading Mode"},"sceneLighting":false,"audioPlay":false,"sceneViewState":{"showFog":true,"showMaterialUpdate":false,"showSkybox":false,"showFlares":true,"showImageEffects":true,"showParticleSystems":true},"in2DMode":false,"pivot":{"x":3.343100070953369,"y":0.7726079821586609,"z":-25.351999282836915},"rotation":{"x":0.37537240982055666,"y":-0.3058263957500458,"z":0.13273993134498597,"w":0.8648397326469421},"size":1.2490298748016358,"orthographic":false}