{"cameraMode":{"drawMode":0,"name":"Shaded","section":"Shading Mode"},"sceneLighting":false,"audioPlay":false,"sceneViewState":{"showFog":true,"showMaterialUpdate":false,"showSkybox":false,"showFlares":true,"showImageEffects":true,"showParticleSystems":true},"in2DMode":false,"pivot":{"x":3.319962978363037,"y":1.7599999904632569,"z":8.206155776977539},"rotation":{"x":-0.1072535589337349,"y":0.12404029071331024,"z":-0.01348756905645132,"w":-0.9863725304603577},"size":0.7330126166343689,"orthographic":false}